Dirección	Barrio	N° Registro
ZABALA 2477, 9° 902	COLEGIALES	RL-2021-06875040-GCABA-DGTALET
SANTAROSA 5115, PB 1	PALERMO	RL-2021-07964551-GCABA-DGTALET
AMENABAR 3587, 4° A	NUÑEZ	RL-2021-07964729-GCABA-DGTALET
UGARTE 1505, 5° 24	BELGRANO	RL-2021-07964875-GCABA-DGTALET
AYACUCHO 1435, 6° B	RECOLETA	RL-2021-07964993-GCABA-DGTALET
FITZ ROY 2135, 3° A	PALERMO	RL-2021-07965154-GCABA-DGTALET
FITZ ROY 2135, 2° D	PALERMO	RL-2021-07965274-GCABA-DGTALET
ESMERALDA 697, 3° G	SANNICOLAS	RL-2021-08181289-GCABA-DGTALET
PARANA 1097, 5° E	RECOLETA	RL-2021-08183970-GCABA-DGTALET
AYACUCHO 1435, 5° C	RECOLETA	RL-2021-08184931-GCABA-DGTALET
AV. SANTA FE 1970, 23° D	RECOLETA	RL-2021-08185510-GCABA-DGTALET
VERA 110, 3° 10	VILLA CRESPO	RL-2021-08345717-GCABA-DGTALET
AV. LACROZE 3229, 4° G	COLEGIALES	RL-2021-08400906-GCABA-DGTALET
CIUDADDE LA PAZ 1387, 4° A	COLEGIALES	RL-2021-08811641-GCABA-DGTALET
ZAPATA 130, PB A	PALERMO	RL-2021-09132702-GCABA-DGTALET
CHILE 851, 27	MONSERRAT	RL-2021-09136753-GCABA-DGTALET
RAVIGNANI 2206, 7° E	PALERMO	RL-2021-09289913-GCABA-DGTALET
ARMENIA 2430, 1° 4	PALERMO	RL-2021-09291586-GCABA-DGTALET
ESTADOSUNIDOS 337, PB B	SAN TELMO	RL-2021-09293058-GCABA-DGTALET
SANTAROSA 5166	PALERMO	RL-2021-09294723-GCABA-DGTALET
UGARTECHE 3193, 5° C	PALERMO	RL-2021-09297476-GCABA-DGTALET
CONGRESO 2022, 5° C	BELGRANO	RL-2021-09431579-GCABA-DGTALET
AV. DEL LIBERTADOR 6644, 8° A	BELGRANO	RL-2021-09891632-GCABA-DGTALET
MONTAÑESES 2731, 6° B	BELGRANO	RL-2021-10187351-GCABA-DGTALET
GOROSTIAGA 1570, 3° B	PALERMO	RL-2021-10382294-GCABA-DGTALET
WASHINGTON 4050, 2° E	SAAVEDRA	RL-2021-11139419-GCABA-DGDTU
NICARAGUA 6045, 5° 504V	PALERMO	RL-2021-11140682-GCABA-DGDTU
AV. MOREAUDE JUSTO 1848, 2° 18	PUERTOMADERO	RL-2021-11143471-GCABA-DGDTU
NUÑEZ 2471, 3° A	NUÑEZ	RL-2021-11146657-GCABA-DGDTU
AV. CNEL. DIAZ 2583, 6° 1	PALERMO	RL-2021-11148923-GCABA-DGDTU
THAMES 1674	PALERMO	RL-2021-11150270-GCABA-DGDTU
RUIZ HUIDOBRO 3387, 1	SAAVEDRA	RL-2021-11788142-GCABA-DGDTU
VIDT 1646, 7° D	PALERMO	RL-2021-11788655-GCABA-DGDTU
ORTEGA YGASSET 1827, 7° C	PALERMO	RL-2021-12785643-GCABA-DGDTU
RECONQUISTA 870, 8° 29	RETIRO	RL-2021-14800886-GCABA-DGDTU
NICARAGUA 6042, 7° C	PALERMO	RL-2021-15053818-GCABA-DGDTU
THAMES 549, 5° D	VILLA CRESPO	RL-2021-15059168-GCABA-DGDTU
JUNCAL 3376, 4° B	PALERMO	RL-2021-15660681-GCABA-DGDTU
JUANDOMINGOPERON 4153, 7° G	ALMAGRO	RL-2021-15665332-GCABA-DGDTU
COLPAYO 40, 2° A	CABALLITO	RL-2021-15668784-GCABA-DGDTU
JUNIN 1380, 2° C	RECOLETA	RL-2021-15675789-GCABA-DGDTU
VERA PEÑALOZA 599, 6° 447	PUERTOMADERO	RL-2021-15676669-GCABA-DGDTU
JUANAMANSO 1636, 7° 708	PUERTOMADERO	RL-2021-15678023-GCABA-DGDTU
PEÑA 2528, 3° E	RECOLETA	RL-2021-16237924-GCABA-DGDTU
BERUTI 3476, 2° E	PALERMO	RL-2021-16254102-GCABA-DGDTU
JUNCAL 3376, 5° A	PALERMO	RL-2021-16669852-GCABA-DGDTU
MENDOZA 3620, 6° C	BELGRANO	RL-2021-16671313-GCABA-DGDTU
GURRUCHAGA 647, 7° B	VILLA CRESPO	RL-2021-16672153-GCABA-DGDTU
AV. CORRIENTES 3130, 7° B	BALVANERA	RL-2021-17273959-GCABA-DGDTU
ARENALES 2250, 8° C	RECOLETA	RL-2021-17276637-GCABA-DGDTU
COSSETTINI 1528, 1° 117	PUERTOMADERO	RL-2021-17395247-GCABA-DGDTU
JUNIN 1733, 2° A	RECOLETA	RL-2021-17880054-GCABA-DGDTU
AV. CORRIENTES 1856, 10° 5107	BALVANERA	RL-2021-17882106-GCABA-DGDTU
JUNIN 1733, 7° C	RECOLETA	RL-2021-17883401-GCABA-DGDTU
JUNIN 1733, 9° B	RECOLETA	RL-2021-17884359-GCABA-DGDTU
ESMERALDA 902, 8° 8	RETIRO	RL-2021-17887205-GCABA-DGDTU
AV. CORRIENTES 1856, 11° 5118	BALVANERA	RL-2021-17894128-GCABA-DGDTU
CHARLONE 1158, PB	CHACARITA	RL-2021-17895465-GCABA-DGDTU
JUNCAL 1151, 5° B	RETIRO	RL-2021-17896859-GCABA-DGDTU
AV. CORRIENTES 1856, 9° 5095	BALVANERA	RL-2021-17897712-GCABA-DGDTU
AV. CORRIENTES 1856, 4° 5044	BALVANERA	RL-2021-17898457-GCABA-DGDTU
AV. CORRIENTES 1856, 7° 5074	BALVANERA	RL-2021-17898942-GCABA-DGDTU
AV. CORRIENTES 1856, 10° 5106	BALVANERA	RL-2021-17899430-GCABA-DGDTU
AV. CORRIENTES 1856, 10° 5104	BALVANERA	RL-2021-17899840-GCABA-DGDTU
JUNIN 1733, 7° D	RECOLETA	RL-2021-17900486-GCABA-DGDTU
JUNIN 1733, 2° D	RECOLETA	RL-2021-17901931-GCABA-DGDTU
AV. CORRIENTES 1856, 11° 5113	BALVANERA	RL-2021-17903839-GCABA-DGDTU
AV. CORRIENTES 1856, 10° 5105	BALVANERA	RL-2021-17905096-GCABA-DGDTU
JUNIN 1733, 3° C	RECOLETA	RL-2021-17908103-GCABA-DGDTU
JUNIN 1733, 1° B	RECOLETA	RL-2021-18647102-GCABA-DGDTU
AREVALO 2768, 2° G	PALERMO	RL-2021-18768440-GCABA-DGDTU
JUNIN 1733, 4° C	RECOLETA	RL-2021-18774803-GCABA-DGDTU
JUNIN 1733, 5° A	RECOLETA	RL-2021-18779802-GCABA-DGDTU
JUNIN 1733, 9° D	RECOLETA	RL-2021-18780581-GCABA-DGDTU
JUNIN 1733, 5° C	RECOLETA	RL-2021-18781694-GCABA-DGDTU
JUNIN 1733, 2° C	RECOLETA	RL-2021-18782308-GCABA-DGDTU
JUNIN 1733, 4° A	RECOLETA	RL-2021-18783533-GCABA-DGDTU
JUNIN 1733, 3° D	RECOLETA	RL-2021-18785867-GCABA-DGDTU
JUNIN 1733, 8° D	RECOLETA	RL-2021-18787000-GCABA-DGDTU
JUNIN 1733, 8° A	RECOLETA	RL-2021-18814006-GCABA-DGDTU
PALPA 2390, 12° B	PALERMO	RL-2021-18814997-GCABA-DGDTU
AV. CORRIENTES 1856, 10° 5102	BALVANERA	RL-2021-18816384-GCABA-DGDTU
JUNIN 1733, 8° C	RECOLETA	RL-2021-18818931-GCABA-DGDTU
POTOSI 4015, 4° C	ALMAGRO	RL-2021-18821954-GCABA-DGDTU
JUNIN 1733, 6° A	RECOLETA	RL-2021-18822880-GCABA-DGDTU
JUNIN 1733, 4° D	RECOLETA	RL-2021-18823345-GCABA-DGDTU
JUNIN 1733, 5° B	RECOLETA	RL-2021-18823944-GCABA-DGDTU
JUNIN 1733, 2° B	RECOLETA	RL-2021-18827501-GCABA-DGDTU
JUNIN 1733, 8° B	RECOLETA	RL-2021-18827978-GCABA-DGDTU
JUNIN 1733, 3° A	RECOLETA	RL-2021-18829147-GCABA-DGDTU
AV. CORRIENTES 1856, 8° 5086	BALVANERA	RL-2021-18833137-GCABA-DGDTU
AV. CORRIENTES 1856, 8° 5081	BALVANERA	RL-2021-18833600-GCABA-DGDTU
AV. CORRIENTES 1856, 10° 5101	BALVANERA	RL-2021-18834044-GCABA-DGDTU
AV. CORRIENTES 1856, 7° 5078	BALVANERA	RL-2021-18834339-GCABA-DGDTU
AYACUCHO 277	BALVANERA	RL-2021-19501767-GCABA-DGDTU
TRESDE FEBRERO 2328, 2° 13	BELGRANO	RL-2021-23209716-GCABA-DGDTU
GUALEGUAY 1290	BARRACAS	RL-2021-23210951-GCABA-DGDTU
BLANCOENCALADA 2601, 1° 1	BELGRANO	RL-2021-23211036-GCABA-DGDTU
AV. CORRIENTES 1856, 1° 5117	BALVANERA	RL-2021-26854907-GCABA-DGDTU
AV. SANTA FE 4016, 4° B	PALERMO	RL-2021-27290705-GCABA-DGDTU
PACHECO 2141/43, 2° B	VILLA URQUIZA	RL-2021-27305620-GCABA-DGDTU
AV. ROOSEVELT 4905, 3° F	VILLA URQUIZA	RL-2021-27307160-GCABA-DGDTU
ESMERALDA 697, 5° D	SANNICOLAS	RL-2021-30605207-GCABA-DGDTU
LOPEZ, CARLOS ANTONIO 3072, 4° A	VILLA PUEYRREDON	RL-2021-30605898-GCABA-DGDTU
AV. SANTA FE 1651, 6° 8	RECOLETA	RL-2021-30606766-GCABA-DGDTU
LAMBARÉ 948, 4° C	ALMAGRO	RL-2021-30607265-GCABA-DGDTU
RODRIGUEZ PEÑA 431, 1° G	SANNICOLAS	RL-2021-30608920-GCABA-DGDTU
AV. CNEL. DÍAZ 1795, 2° B	RECOLETA	RL-2021-30609294-GCABA-DGDTU
GUATEMALA 5071, 7° B	PALERMO	RL-2021-31475302-GCABA-DGDTU
BARTOLOMEMITRE 1225, 7° 704	SANNICOLAS	RL-2021-35675022-GCABA-DGDTU
MARISCAL ANTONIO JOSEDE SUCRE 1575, 3° D	BELGRANO	RL-2021-35678253-GCABA-DGDTU
AV. DEMAYO 1360, 5° A	MONSERRAT	RL-2021-35678899-GCABA-DGDTU
FRAY JUSTOSANTAMARIA DEORO 2636, 4° D	PALERMO	RL-2021-38209557-GCABA-DGDTU
MENDOZA 1731, 10o D	BELGRANO	RL-2021-39033027-GCABA-DGDTU
PARAGUAY 857, PB	RETIRO	RL-2022-07621856-GCABA-DGDTU
SARANDI 823, 1° 2	SANCRISTOBAL	RL-2022-07627579-GCABA-DGDTU
ANCHORENA 1261, 2° B	RECOLETA	RL-2022-07627854-GCABA-DGDTU
AVELLANEDA 1075, 3o C	CABALLITO	RL-2022-08758924-GCABA-DGDTU
FITZ ROY 2070, 5o 504	PALERMO	RL-2022-08758322-GCABA-DGDTU
BOLIVAR 1610/18, 3o E	BARRACAS	RL-2022-09329770-GCABA-DGDTU
MARISCAL ANTONIO JOSEDE SUCRE 1575, 7° D	BELGRANO	RL-2022-09328834-GCABA-DGDTU
BOLIVIA 2724	VILLA DEL PARQUE	RL-2022-10061829-GCABA-DGDTU
BULNES 1919, 1° A	PALERMO	RL-2022-10940714-GCABA-DGDTU
AV. CORRIENTES 676, 3° A	SANNICOLAS	RL-2022-12376646-GCABA-DGDTU
CERRITO 36, 10o B	SANNICOLAS	RL-2022-12930415-GCABA-DGDTU
JUNCAL 858, 7o C	RETIRO	RL-2022-13879913-GCABA-DGDTU
PARAGUAY 857, PB	RETIRO	RL-2022-15744461-GCABA-DGDTU
AV. CERVIÑO 3664, 6o C	PALERMO	RL-2022-16248523-GCABA-DGDTU
PARAGUAY 3968, 4o B	PALERMO	RL-2022-17865419-GCABA-DGDTU
THAMES 676, 6o A	VILLA CRESPO	RL-2022-17867911-GCABA-DGDTU
3 de FEBRERO 2552, 5° D	BELGRANO	RL-2022-19892060-GCABA-DGDTU
GUEMES 4255, 9° D	PALERMO	RL-2022-19892589-GCABA-DGDTU
RUGGIERI 2791, 5° B	PALERMO	RL-2022-19893051-GCABA-DGDTU
DIAZ COLODRERO 2849, 4° A	VILLA URQUIZA	RL-2022-19893442-GCABA-DGDTU
LAVALLE 1539, 2° 32	SANNICOLAS	RL-2022-19893792-GCABA-DGDTU
LARREA 1230, 4° D	RECOLETA	RL-2022-19894571-GCABA-DGDTU
PARAGUAY 857, 4° 401	RETIRO	RL-2022-19895036-GCABA-DGDTU
LAVALLE 3086, 2° B	BALVANERA	RL-2022-22566543-GCABA-DGDTU
LAVALLE 3086, 2° C	BALVANERA	RL-2022-22566982-GCABA-DGDTU
LAVALLE 3086, 2° E	BALVANERA	RL-2022-24353977-GCABA-DGDTU
LAVALLE 3086, 2° F	BALVANERA	RL-2022-24359610-GCABA-DGDTU
LAVALLE 3086, 3° A	BALVANERA	RL-2022-24362233-GCABA-DGDTU
LAVALLE 3086, 3° B	BALVANERA	RL-2022-24365999-GCABA-DGDTU
LAVALLE 3086, 3° C	BALVANERA	RL-2022-24370487-GCABA-DGDTU
LAVALLE 3086, 3° D	BALVANERA	RL-2022-24371790-GCABA-DGDTU
LAVALLE 3086, 3° E	BALVANERA	RL-2022-24373299-GCABA-DGDTU
LAVALLE 3086, 3° F	BALVANERA	RL-2022-24374156-GCABA-DGDTU
LAVALLE 3086, 3° G	BALVANERA	RL-2022-24374982-GCABA-DGDTU
LAVALLE 3086, 3° H	BALVANERA	RL-2022-24376257-GCABA-DGDTU
LAVALLE 3086, 4° A	BALVANERA	RL-2022-24376942-GCABA-DGDTU
LAVALLE 3086, 4° B	BALVANERA	RL-2022-24377701-GCABA-DGDTU
LAVALLE 3086, 4° C	BALVANERA	RL-2022-24378282-GCABA-DGDTU
LAVALLE 3086, 4° D	BALVANERA	RL-2022-24379286-GCABA-DGDTU
LAVALLE 3086, 5° A	BALVANERA	RL-2022-24380142-GCABA-DGDTU
LAVALLE 3086, 5° B	BALVANERA	RL-2022-24380898-GCABA-DGDTU
LAVALLE 3086, 6° E	BALVANERA	RL-2022-24382076-GCABA-DGDTU
LAVALLE 3086, 4° H	BALVANERA	RL-2022-23956953-GCABA-DGDTU
LAVALLE 3086, 4° G	BALVANERA	RL-2022-23956267-GCABA-DGDTU
LAVALLE 3086, 4° E	BALVANERA	RL-2022-23955544-GCABA-DGDTU
LAVALLE 3086, 4° F	BALVANERA	RL-2022-23954985-GCABA-DGDTU
LAVALLE 3086, 6° H	BALVANERA	RL-2022-23954051-GCABA-DGDTU
LAVALLE 3086, 6° G	BALVANERA	RL-2022-23953022-GCABA-DGDTU
LAVALLE 3086, 6° F	BALVANERA	RL-2022-23946979-GCABA-DGDTU
PARAGUAY 857, 5° 505	RETIRO	RL-2022-24409245-GCABA-DGDTU
PARAGUAY 857, 5° 506	RETIRO	RL-2022-24408684-GCABA-DGDTU
SUIPACHA 1235, 3o 305	RETIRO	RL-2022-25253602-GCABA-DGDTU
PARAGUAY 857, 5° 504	RETIRO	RL-2022-26192659-GCABA-DGDTU
PARAGUAY 857, 5° 503	RETIRO	RL-2022-26193746-GCABA-DGDTU
PARAGUAY 857, 5° 502	RETIRO	RL-2022-26194636-GCABA-DGDTU
PARAGUAY 857, 5° 501	RETIRO	RL-2022-26213677-GCABA-DGDTU
PARAGUAY 857, 4° 406	RETIRO	RL-2022-26215820-GCABA-DGDTU
PARAGUAY 857, 4° 405	RETIRO	RL-2022-26216818-GCABA-DGDTU
PARAGUAY 857, 4° 404	RETIRO	RL-2022-26218589-GCABA-DGDTU
ROOSEVELT FRANKLIN D. AV. 5334, 1° C	VILLA URQUIZA	RL-2022-26666593-GCABA-DGDTU
ROOSEVELT FRANKLIN D. AV. 4901, 5o F	VILLA URQUIZA	RL-2022-27948615-GCABA-DGDTU
CORDOBA AV. 6072, 7o 704	CHACARITA	RL-2022-28871424-GCABA-DGDTU
AMBROSETTI, JUAN B. 145, 5o D	CABALLITO	RL-2022-29771656-GCABA-DGDTU
THAMES 2313, 1o 103	PALERMO	RL-2022-30220130-GCABA-DGDTU
SUIPACHA 1235, 4° 404	RETIRO	RL-2022-30210737-GCABA-DGDTU
SUIPACHA 1235, 6° 605	RETIRO	RL-2022-30211610-GCABA-DGDTU
SUIPACHA 1235, 6° 608	RETIRO	RL-2022-30212915-GCABA-DGDTU
SUIPACHA 1235, 11° 1106	RETIRO	RL-2022-30215866-GCABA-DGDTU
SUIPACHA 1235, 3° 307	RETIRO	RL-2022-30216907-GCABA-DGDTU
SUIPACHA 1235, 5° 501	RETIRO	RL-2022-30218725-GCABA-DGDTU
SUIPACHA 1235, 8° 810	RETIRO	RL-2022-30831302-GCABA-DGDTU
SUIPACHA 1235, 6° 602	RETIRO	RL-2022-30832101-GCABA-DGDTU
SUIPACHA 1235, 10° 1005	RETIRO	RL-2022-30832475-GCABA-DGDTU
SUIPACHA 1235, 4° 406	RETIRO	RL-2022-30833378-GCABA-DGDTU
SUIPACHA 1235, 4° 402	RETIRO	RL-2022-30833672-GCABA-DGDTU
CONESA 2046, 9° A	BELGRANO	RL-2022-30847275-GCABA-DGDTU
3 DE FEBRERO 990, 8° 1	PALERMO	RL-2022-30850407-GCABA-DGDTU
UGARTE 2709, 2° A	BELGRANO	RL-2022-30852692-GCABA-DGDTU
YERBAL 163, 5o B	CABALLITO	RL-2021-08142506-GCABA-DGTALET
RODRIGUEZ PEÑA 217, PB 2	SANNICOLAS	RL-2021-07813075-GCABA-DGTALET
PARAGUAY 857, 6o 603	RETIRO	RL-2022-32766496-GCABA-DGDTU
PARAGUAY 857, 7o 701	RETIRO	RL-2022-32765481-GCABA-DGDTU
PARAGUAY 857, 6o 604	RETIRO	RL-2022-32763522-GCABA-DGDTU
PARAGUAY 857, 6o 606	RETIRO	RL-2022-32758699-GCABA-DGDTU
PARAGUAY 857, 6o 601	RETIRO	RL-2022-32757590-GCABA-DGDTU
PARAGUAY 857, 6o 602	RETIRO	RL-2022-32749069-GCABA-DGDTU
PARAGUAY 857, 6o 605	RETIRO	RL-2022-33542935-GCABA-DGDTU
PARAGUAY 857, 8o 801	RETIRO	RL-2022-33543738-GCABA-DGDTU
PARAGUAY 857, 7o 706	RETIRO	RL-2022-33544475-GCABA-DGDTU
PARAGUAY 857, 7o 705	RETIRO	RL-2022-33545114-GCABA-DGDTU
PARAGUAY 857, 7o 704	RETIRO	RL-2022-33545643-GCABA-DGDTU
PARAGUAY 857, 7o 702	RETIRO	RL-2022-33547328-GCABA-DGDTU
PARAGUAY 857, 8o 802	RETIRO	RL-2022-33547797-GCABA-DGDTU
PARAGUAY 857, 8o 803	RETIRO	RL-2022-33548259-GCABA-DGDTU
URIARTE 1867, PB 2	PALERMO	RL-2022-35534770-GCABA-DGDTU
GUATEMALA 4733, 4o D	PALERMO	RL-2022-35535533-GCABA-DGDTU
LAS HERASGENERAL AV. 2925, 11o 56	PALERMO	RL-2022-35536278-GCABA-DGDTU
SUIPACHA 1235, 3o 306	RETIRO	RL-2022-35497494-GCABA-DGDTU
SUIPACHA 1235, 3o 303	RETIRO	RL-2022-35498171-GCABA-DGDTU
SUIPACHA 1235, 2o 206	RETIRO	RL-2022-35498953-GCABA-DGDTU
SUIPACHA 1235, 2o 205	RETIRO	RL-2022-35500889-GCABA-DGDTU
SUIPACHA 1235, 2o 203	RETIRO	RL-2022-35502377-GCABA-DGDTU
SUIPACHA 1235, 10o 1003	RETIRO	RL-2022-35504171-GCABA-DGDTU
SUIPACHA 1235, 11° 1107	RETIRO	RL-2022-35504928-GCABA-DGDTU
SUIPACHA 1235, 8° 808	RETIRO	RL-2022-35505930-GCABA-DGDTU
SUIPACHA 1235, 9o 901	RETIRO	RL-2022-35506600-GCABA-DGDTU
SUIPACHA 1235, 6o 611	RETIRO	RL-2022-35507831-GCABA-DGDTU
SUIPACHA 1235, 7o 704	RETIRO	RL-2022-35527474-GCABA-DGDTU
SUIPACHA 1235, 7o 710	RETIRO	RL-2022-35528079-GCABA-DGDTU
SUIPACHA 1235, 5o 506	RETIRO	RL-2022-35528740-GCABA-DGDTU
SUIPACHA 1235, 5o 508	RETIRO	RL-2022-35529415-GCABA-DGDTU
SUIPACHA 1235, 5o 511	RETIRO	RL-2022-35530147-GCABA-DGDTU
SUIPACHA 1235, 5o 503	RETIRO	RL-2022-35530778-GCABA-DGDTU
SUIPACHA 1235, 5o 507	RETIRO	RL-2022-35531386-GCABA-DGDTU
SUIPACHA 1235, 5o 510	RETIRO	RL-2022-35531951-GCABA-DGDTU
SUIPACHA 1235, 5o 505	RETIRO	RL-2022-35532578-GCABA-DGDTU
SUIPACHA 1235, 4o 401	RETIRO	RL-2022-35533442-GCABA-DGDTU
SUIPACHA 1235, 1o 105	RETIRO	RL-2022-35534101-GCABA-DGDTU
Paraguay 4440, 1° E	PALERMO	RL-2022-37205451-GCABA-DGDTU
CORRIENTES AV. 818, 16° 1611	SANNICOLAS	RL-2022-37726072-GCABA-DGDTU
CORRIENTES AV. 818, 25° 2510	SANNICOLAS	RL-2022-37727076-GCABA-DGDTU
TUCUMAN 810, 7° 46	SANNICOLAS	RL-2022-37728739-GCABA-DGDTU
CABRAL, SGTO. 825, 6° 28	RETIRO	RL-2022-38051025-GCABA-DGDTU
CLAY 3082, 1°/2°	PALERMO	RL-2022-38049661-GCABA-DGDTU
SUIPACHA 1235, 9o 911	RETIRO	RL-2022-39026932-GCABA-DGDTU
SUIPACHA 1235, 11o 1108	RETIRO	RL-2022-39026333-GCABA-DGDTU
SUIPACHA 1235, 9o 902	RETIRO	RL-2022-39025783-GCABA-DGDTU
SUIPACHA 1235, 9o 904	RETIRO	RL-2022-39025232-GCABA-DGDTU
SUIPACHA 1235, 11o 1105	RETIRO	RL-2022-39024567-GCABA-DGDTU
SUIPACHA 1235, 9o 903	RETIRO	RL-2022-39024069-GCABA-DGDTU
SUIPACHA 1235, 4o 405	RETIRO	RL-2022-39023473-GCABA-DGDTU
SUIPACHA 1235, 4o 407	RETIRO	RL-2022-39022944-GCABA-DGDTU
SUIPACHA 1235, 8o 805	RETIRO	RL-2022-39022339-GCABA-DGDTU
SUIPACHA 1235, 1o 101	RETIRO	RL-2022-39021096-GCABA-DGDTU
SUIPACHA 1235, 2o 207	RETIRO	RL-2022-39020600-GCABA-DGDTU
SUIPACHA 1235, 2o 201	RETIRO	RL-2022-39019802-GCABA-DGDTU
SUIPACHA 1235, 1o 109	RETIRO	RL-2022-39018976-GCABA-DGDTU
SUIPACHA 1235, 1o 108	RETIRO	RL-2022-39018353-GCABA-DGDTU
SUIPACHA 1235, 1o 104	RETIRO	RL-2022-39017429-GCABA-DGDTU
SUIPACHA 1235, 3o 311	RETIRO	RL-2022-39016812-GCABA-DGDTU
SUIPACHA 1235, 3o 310	RETIRO	RL-2022-39016006-GCABA-DGDTU
SUIPACHA 1235, 2o 208	RETIRO	RL-2022-39015261-GCABA-DGDTU
SUIPACHA 1235, 3o 308	RETIRO	RL-2022-39014346-GCABA-DGDTU
SUIPACHA 1235, 2o 210	RETIRO	RL-2022-39013431-GCABA-DGDTU
SUIPACHA 1235, 2o 209	RETIRO	RL-2022-39011911-GCABA-DGDTU
DIAZ COLODRERO 2849, 5° B	VILLA URQUIZA	RL-2022-40706303-GCABA-DGDTU
ANDONAEGUI 2294, 6° B	VILLA URQUIZA	RL-2022-40707033-GCABA-DGDTU
CORDOBA AV. 6072, 4o 404	CHACARITA	RL-2022-40709074-GCABA-DGDTU
PARAGUAY 857, 9° 905	RETIRO	RL-2022-40709555-GCABA-DGDTU
PARAGUAY 857, 9° 906	RETIRO	RL-2022-40710067-GCABA-DGDTU
PARAGUAY 857, 8° 804	RETIRO	RL-2022-40710569-GCABA-DGDTU
PARAGUAY 857, 8° 805	RETIRO	RL-2022-40711024-GCABA-DGDTU
PARAGUAY 857, 8° 806	RETIRO	RL-2022-40711716-GCABA-DGDTU
PARAGUAY 857, 9° 901	RETIRO	RL-2022-40712613-GCABA-DGDTU
PARAGUAY 857, 9° 902	RETIRO	RL-2022-40713514-GCABA-DGDTU
PARAGUAY 857, 9° 903	RETIRO	RL-2022-40714283-GCABA-DGDTU
PARAGUAY 857, 9° 904	RETIRO	RL-2022-40714981-GCABA-DGDTU
PARAGUAY 857, 10° 1001	RETIRO	RL-2022-43017935-GCABA-DGDTU
PARAGUAY 857, 10° 1005	RETIRO	RL-2022-43019099-GCABA-DGDTU
PARAGUAY 857, 10° 1003	RETIRO	RL-2022-43020237-GCABA-DGDTU
PARAGUAY 857, 10° 1004	RETIRO	RL-2022-43021657-GCABA-DGDTU
PARAGUAY 857, 10° 1002	RETIRO	RL-2022-43027852-GCABA-DGDTU
SUIPACHA 1235, 2° 211	RETIRO	RL-2022-43040671-GCABA-DGDTU
PARAGUAY 857, 2° 201	RETIRO	RL-2022-44557288-GCABA-DGDTU
PARAGUAY 857, 1° 104	RETIRO	RL-2022-44556382-GCABA-DGDTU
PARAGUAY 857, 1° 103	RETIRO	RL-2022-44555028-GCABA-DGDTU
PARAGUAY 857, 1° 102	RETIRO	RL-2022-44553150-GCABA-DGDTU
PARAGUAY 857, 1° 101	RETIRO	RL-2022-44551860-GCABA-DGDTU
PARAGUAY 857, 2° 204	RETIRO	RL-2022-44549725-GCABA-DGDTU
PARAGUAY 857, 2° 203	RETIRO	RL-2022-44559525-GCABA-DGDTU
PARAGUAY 857, 14° 1402	RETIRO	RL-2022-44560723-GCABA-DGDTU
PARAGUAY 857, 12° 1206	RETIRO	RL-2022-44562768-GCABA-DGDTU
PARAGUAY 857, 12° 1205	RETIRO	RL-2022-44563762-GCABA-DGDTU
PARAGUAY 857, 12° 1204	RETIRO	RL-2022-44564799-GCABA-DGDTU
PARAGUAY 857, 12° 1202	RETIRO	RL-2022-44565962-GCABA-DGDTU
PARAGUAY 857, 12° 1201	RETIRO	RL-2022-44566823-GCABA-DGDTU
PARAGUAY 857, 11° 1106	RETIRO	RL-2022-44567752-GCABA-DGDTU
PARAGUAY 857, 14° 1401	RETIRO	RL-2022-44568448-GCABA-DGDTU
CERVIÑO AV. 4678, 8° D	PALERMO	RL-2022-44548769-GCABA-DGDTU
ZAPIOLA 2442, 2o D	BELGRANO	RL-2022-47053038-GCABA-DGDTU
CIUDADDE LA PAZ 176, 12o 10	PALERMO	RL-2022-47601297-GCABA-DGDTU
LAVALLE 3086, 5° G	BALVANERA	RL-2023-01996509-GCABA-DGDTU
LAVALLE 3086, 5° F	BALVANERA	RL-2023-01994535-GCABA-DGDTU
LAVALLE 3086, 5° E	BALVANERA	RL-2023-01993095-GCABA-DGDTU
SUIPACHA 1235, 4° 410	RETIRO	RL-2023-02062959-GCABA-DGDTU
SUIPACHA 1235, 6° 606	RETIRO	RL-2023-02060127-GCABA-DGDTU
SUIPACHA 1235, 3° 304	RETIRO	RL-2023-02058982-GCABA-DGDTU
SUIPACHA 1235, 2° 202	RETIRO	RL-2023-02057623-GCABA-DGDTU
SUIPACHA 1235, 8° 801	RETIRO	RL-2023-02056082-GCABA-DGDTU
SUIPACHA 1235, 6° 607	RETIRO	RL-2023-02048954-GCABA-DGDTU
LAVALLE 477, 2o X	SANNICOLAS	RL-2023-04016175-GCABA-DGDTU
PARAGUAY 4440, 4o B	PALERMO	RL-2023-04016924-GCABA-DGDTU
YRIGOYEN, HIPOLITO 910, 2o E	MONSERRAT	RL-2023-04890952-GCABA-DGDTU
GUATEMALA 4749, 3o E	PALERMO	RL-2023-04901343-GCABA-DGDTU
SUIPACHA 1235, 10o 1006	RETIRO	RL-2023-04891605-GCABA-DGDTU
SUIPACHA 1235, 10o 1004	RETIRO	RL-2023-04892531-GCABA-DGDTU
SUIPACHA 1235, 11o 1104	RETIRO	RL-2023-04892997-GCABA-DGDTU
SUIPACHA 1235, 9o 907	RETIRO	RL-2023-04893562-GCABA-DGDTU
SUIPACHA 1235, 9o 910	RETIRO	RL-2023-04894105-GCABA-DGDTU
SUIPACHA 1235, 9o 905	RETIRO	RL-2023-04894479-GCABA-DGDTU
SUIPACHA 1235, 9o 906	RETIRO	RL-2023-04894967-GCABA-DGDTU
SUIPACHA 1235, 8o 807	RETIRO	RL-2023-04895417-GCABA-DGDTU
SUIPACHA 1235, 8o 811	RETIRO	RL-2023-04895875-GCABA-DGDTU
SUIPACHA 1235, 7o 705	RETIRO	RL-2023-04896426-GCABA-DGDTU
SUIPACHA 1235, 11o 1109	RETIRO	RL-2023-04896946-GCABA-DGDTU
SUIPACHA 1235, 1o 106	RETIRO	RL-2023-04897661-GCABA-DGDTU
SUIPACHA 1235, 1o 103	RETIRO	RL-2023-04898279-GCABA-DGDTU
SUIPACHA 1235, 6o 609	RETIRO	RL-2023-04898783-GCABA-DGDTU
SUIPACHA 1235, 10o 1011	RETIRO	RL-2023-05704144-GCABA-DGDTU
SUIPACHA 1235, 10o 1010	RETIRO	RL-2023-05704578-GCABA-DGDTU
SUIPACHA 1235, 7o 1007	RETIRO	RL-2023-05705065-GCABA-DGDTU
SUIPACHA 1235, 10o 706	RETIRO	RL-2023-05705527-GCABA-DGDTU
SUIPACHA 1235, 11o 1111	RETIRO	RL-2023-05706016-GCABA-DGDTU
SUIPACHA 1235, 11o 1112	RETIRO	RL-2023-05706517-GCABA-DGDTU
SUIPACHA 1235, 11o 1103	RETIRO	RL-2023-05707189-GCABA-DGDTU
SUIPACHA 1235, 8o 806	RETIRO	RL-2023-05707557-GCABA-DGDTU
CORRIENTES AV. 818, 20° 2010	SANNICOLAS	RL-2023-05708232-GCABA-DGDTU
ZAPATA 376, 2°	PALERMO	RL-2023-05789716-GCABA-DGDTU
SANTA FEAV. 2631, PB. E	RECOLETA	RL-2023-06948080-GCABA-DGDTU
Pacheco 2143, 2o C	VILLA URQUIZA	RL-2023-10615640-GCABA-DGDTU
Guido 1980, 2o 1	RECOLETA	RL-2023-10617748-GCABA-DGDTU
El Salvador 5190, 1o C	PALERMO	RL-2023-10618857-GCABA-DGDTU
CALLAO AV. 1234, 2o	RECOLETA	RL-2023-10620075-GCABA-DGDTU
SINCLAIR 3044, 5o C	PALERMO	RL-2023-11585347-GCABA-DGDTU
MITRE, BARTOLOME 4284, 6o 604	ALMAGRO	RL-2023-11590738-GCABA-DGDTU
MITRE, BARTOLOME 4284, 6o 605	ALMAGRO	RL-2023-11595188-GCABA-DGDTU
MITRE, BARTOLOME 4284, 5o 503	ALMAGRO	RL-2023-11596416-GCABA-DGDTU
MITRE, BARTOLOME 4284, 5o 502	ALMAGRO	RL-2023-11598492-GCABA-DGDTU
MITRE, BARTOLOME 4284, 5o 501	ALMAGRO	RL-2023-11601153-GCABA-DGDTU
MITRE, BARTOLOME 4284, 3o 304	ALMAGRO	RL-2023-11603422-GCABA-DGDTU
MITRE, BARTOLOME 4284, 3o 303	ALMAGRO	RL-2023-11608837-GCABA-DGDTU
MITRE, BARTOLOME 4284, 3o 302	ALMAGRO	RL-2023-11612779-GCABA-DGDTU
MITRE, BARTOLOME 4284, 3o 301	ALMAGRO	RL-2023-11616268-GCABA-DGDTU
MITRE, BARTOLOME 4284, 2o 204	ALMAGRO	RL-2023-11617503-GCABA-DGDTU
MITRE, BARTOLOME 4284, 2o 203	ALMAGRO	RL-2023-11619819-GCABA-DGDTU
MITRE, BARTOLOME 4284, 2o 202	ALMAGRO	RL-2023-11620999-GCABA-DGDTU
MITRE, BARTOLOME 4284, 2o 201	ALMAGRO	RL-2023-11621953-GCABA-DGDTU
MITRE, BARTOLOME 4284, 1o 104	ALMAGRO	RL-2023-11623696-GCABA-DGDTU
MITRE, BARTOLOME 4284, 1o 102	ALMAGRO	RL-2023-11624625-GCABA-DGDTU
MITRE, BARTOLOME 4284, 1o 103	ALMAGRO	RL-2023-11625647-GCABA-DGDTU
MITRE, BARTOLOME 4284, 1o 101	ALMAGRO	RL-2023-11627157-GCABA-DGDTU
MITRE, BARTOLOME 4284, PB 200	ALMAGRO	RL-2023-11628714-GCABA-DGDTU
VARELA, JOSE PEDRO 5065, 1o D Sector B	VILLA DEVOTO	RL-2023-11654411-GCABA-DGDTU
SUIPACHA 1235, 3o 309	RETIRO	RL-2023-12598000-GCABA-DGDTU
SUIPACHA 1235, 4o 403	RETIRO	RL-2023-12597730-GCABA-DGDTU
SUIPACHA 1235, 4o 409	RETIRO	RL-2023-12597450-GCABA-DGDTU
SUIPACHA 1235, 7o 709	RETIRO	RL-2023-12596015-GCABA-DGDTU
SUIPACHA 1235, 11o 1101	RETIRO	RL-2023-12595565-GCABA-DGDTU
SUIPACHA 1235, 11o 1110	RETIRO	RL-2023-12594886-GCABA-DGDTU
SUIPACHA 1235, 1o 107	RETIRO	RL-2023-12594442-GCABA-DGDTU
SUIPACHA 1235, 7o 703	RETIRO	RL-2023-12602127-GCABA-DGDTU
SOLER 4073, 7o C	PALERMO	RL-2023-12603270-GCABA-DGDTU
ESTADODE ISRAEL AV. 4272, 7o D	ALMAGRO	RL-2023-14127544-GCABA-DGDTU
FRAY JUSTOSANTAMARIA DEORO 2742, 3o C	PALERMO	RL-2023-14244867-GCABA-DGDTU
3 DE FEBRERO 1914, 2o F	BELGRANO	RL-2023-15121510-GCABA-DGDTU
UGARTE, MANUEL 2465, 12o 1	BELGRANO	RL-2023-15120225-GCABA-DGDTU
CORRIENTES AV. 676, 12o B	SANNICOLAS	RL-2023-16218605-GCABA-DGDTU
ARENALES 2644, 1o F	RECOLETA	RL-2023-16232064-GCABA-DGDTU
ARENALES 2644, 1o K	RECOLETA	RL-2023-16231877-GCABA-DGDTU
ARENALES 2644, 1o J	RECOLETA	RL-2023-16231681-GCABA-DGDTU
ARENALES 2644, 1o I	RECOLETA	RL-2023-16231472-GCABA-DGDTU
ARENALES 2644, 1o H	RECOLETA	RL-2023-16231331-GCABA-DGDTU
ARENALES 2644, 1o G	RECOLETA	RL-2023-16231152-GCABA-DGDTU
ARENALES 2644, 6o E	RECOLETA	RL-2023-16230956-GCABA-DGDTU
ARENALES 2644, 3o K	RECOLETA	RL-2023-16230791-GCABA-DGDTU
ARENALES 2644, 3o I	RECOLETA	RL-2023-16230561-GCABA-DGDTU
ARENALES 2644, 3o H	RECOLETA	RL-2023-16230368-GCABA-DGDTU
ARENALES 2644, 3o F	RECOLETA	RL-2023-16230178-GCABA-DGDTU
ARENALES 2644, 3o E	RECOLETA	RL-2023-16230016-GCABA-DGDTU
ARENALES 2644, 3o C	RECOLETA	RL-2023-16229803-GCABA-DGDTU
ARENALES 2644, 2o L	RECOLETA	RL-2023-16229665-GCABA-DGDTU
ARENALES 2644, 2o J	RECOLETA	RL-2023-16229420-GCABA-DGDTU
ARENALES 2644, 2o I	RECOLETA	RL-2023-16228290-GCABA-DGDTU
ARENALES 2644, 2o H	RECOLETA	RL-2023-16228012-GCABA-DGDTU
ARENALES 2644, 2o G	RECOLETA	RL-2023-16227850-GCABA-DGDTU
ARENALES 2644, 2o F	RECOLETA	RL-2023-16227103-GCABA-DGDTU
ARENALES 2644, 2o E	RECOLETA	RL-2023-16226837-GCABA-DGDTU
ARENALES 2644, 1o L	RECOLETA	RL-2023-16226300-GCABA-DGDTU
ARENALES 2644, 2o C	RECOLETA	RL-2023-16226035-GCABA-DGDTU
ARENALES 2644, 1o E	RECOLETA	RL-2023-16225414-GCABA-DGDTU
ARENALES 2644, 1o D	RECOLETA	RL-2023-16225149-GCABA-DGDTU
ARENALES 2644, 3o A	RECOLETA	RL-2023-16224803-GCABA-DGDTU
ARENALES 2644, 5o H	RECOLETA	RL-2023-16224453-GCABA-DGDTU
ARENALES 2644, 5o D	RECOLETA	RL-2023-16224039-GCABA-DGDTU
ARENALES 2644, 5o F	RECOLETA	RL-2023-16223327-GCABA-DGDTU
ARENALES 2644, 5o E	RECOLETA	RL-2023-16222915-GCABA-DGDTU
PARANA 467, 7o 25	SANNICOLAS	RL-2023-17857649-GCABA-DGDTU
Arenales 2251, 2o A	RECOLETA	RL-2023-17953993-GCABA-DGDTU
GORRITI 6060, 4o A	PALERMO	RL-2023-18887734-GCABA-DGDTU
PARAGUAY 2862, 3o A	RECOLETA	RL-2023-18892496-GCABA-DGDTU
PARAGUAY 2862, 4o B	RECOLETA	RL-2023-18895396-GCABA-DGDTU
PARAGUAY 2862, 4o A	RECOLETA	RL-2023-18898526-GCABA-DGDTU
PARAGUAY 2862, 5o A	RECOLETA	RL-2023-18899733-GCABA-DGDTU
MIGUELETES 1145, 4o B	PALERMO	RL-2023-18989357-GCABA-DGDTU
SUIPACHA 1235, 10o 1002	RETIRO	RL-2023-19982274-GCABA-DGDTU
GRECIA 3503, 4o C	NUÑEZ	RL-2023-19983269-GCABA-DGDTU
PARAGUAY 2862, 2o A	RECOLETA	RL-2023-20913982-GCABA-DGDTU
PARAGUAY 2862, 3o A	RECOLETA	RL-2023-20913628-GCABA-DGDTU
FRAY JUSTOSANTAMARIA DEORO 2159, 3o 308	PALERMO	RL-2023-22906999-GCABA-DGDTU
FRAY JUSTOSANTAMARIA DEORO 2159, 5o 507	PALERMO	RL-2023-24423601-GCABA-DGDTU
CASEROS AV. 2414, 8o C	PARQUE PATRICIOS	RL-2023-24422329-GCABA-DGDTU
ESMERALDA 740, 15o 1512	SANNICOLAS	RL-2023-24498277-GCABA-DGDTU
ESMERALDA 740, 15o 1514	SANNICOLAS	RL-2023-24497972-GCABA-DGDTU
ESMERALDA 740, 15o 1513	SANNICOLAS	RL-2023-24497826-GCABA-DGDTU
ESMERALDA 740, 15o 1511	SANNICOLAS	RL-2023-24497367-GCABA-DGDTU
ZAPIOLA 1734, 2o A	BELGRANO	RL-2023-25464122-GCABA-DGDTU
PARAGUAY 2862, 7o B	RECOLETA	RL-2023-26418681-GCABA-DGDTU
ROSETI 2052 9° C	VILLA ORTUZAR	RL-2023-27722470-GCABA-DGDTU
SANTIAGODEL ESTERO 831 5° K	CONSTITUCIÓN	RL-2023-27726084-GCABA-DGDTU
PARAGUAY 2862, 1o B	RECOLETA	RL-2023-30610232-GCABA-DGDTU
PARAGUAY 2862, 1o A	RECOLETA	RL-2023-30611099-GCABA-DGDTU
PARAGUAY 2862, 6o B	RECOLETA	RL-2023-30612237-GCABA-DGDTU
DEL LIBERTADORAV. 1174, 4o A	RECOLETA	RL-2023-30653551-GCABA-DGDTU
OLLEROS 3317	COLEGIALES	RL-2023-30655297-GCABA-DGDTU
VIAMONTE 2468, 3o B	BALVANERA	RL-2023-32353846-GCABA-DGDTU
SINCLAIR 3183, 1o D	PALERMO	RL-2023-32355123-GCABA-DGDTU
MANSO JUANA 1550, 5o 4	PUERTOMADERO	RL-2023-32356013-GCABA-DGDTU
Rosario 590, 6o B	CABALLITO	RL-2023-32357429-GCABA-DGDTU
ARCE 555, 21o B	PALERMO	RL-2023-33266658-GCABA-DGDTU
OLAZABAL AV. 5421, 4o B	VILLA URQUIZA	RL-2023-33322648-GCABA-DGDTU
AYACUCHO 610, 4o A	BALVANERA	RL-2023-34219115-GCABA-DGDTU
ARCE 591, 5o 503	PALERMO	RL-2023-34220437-GCABA-DGDTU
DIRECTORIO AV. 1017/1019, 8o A	CABALLITO	RL-2023-35194629-GCABA-DGDTU
PALPA 2504, 5o C	COLEGIALES	RL-2023-36081987-GCABA-DGDTU
CORDOBA AV. 6561, 9o C	CHACARITA	RL-2023-36082724-GCABA-DGDTU
Santiago del Estero 831, 10o A	CONSTITUCIÓN	RL-2023-36083202-GCABA-DGDTU
PARAGUAY 4440, 6o C	PALERMO	RL-2023-36110127-GCABA-DGDTU
DE LOS INCAS AV. 3361, 7o C	BELGRANO	RL-2023-36971853-GCABA-DGDTU
CAMPOS SALLES 2117, PB 1	NUÑEZ	RL-2023-36972435-GCABA-DGDTU
Humboldt 2028/30, 7o A	PALERMO	RL-2023-37926804-GCABA-DGDTU
JUNIN 1280, 1o B	RECOLETA	RL-2023-37927199-GCABA-DGDTU
JUNIN 1280, 2o B	RECOLETA	RL-2023-37927448-GCABA-DGDTU
JUNIN 1280, 4o B	RECOLETA	RL-2023-39553945-GCABA-DGDTU
JUNIN 1280, 4o A	RECOLETA	RL-2023-39554880-GCABA-DGDTU
JUNIN 1280, 3o D	RECOLETA	RL-2023-39555357-GCABA-DGDTU
JUNIN 1280, 3o B	RECOLETA	RL-2023-39556324-GCABA-DGDTU
JUNIN 1280, 5o A	RECOLETA	RL-2023-39557243-GCABA-DGDTU
JUNIN 1280, 2o C	RECOLETA	RL-2023-39557879-GCABA-DGDTU
JUNIN 1280, 2o D	RECOLETA	RL-2023-39560358-GCABA-DGDTU
AUSTRIA 1951, 6o C	RECOLETA	RL-2023-39562779-GCABA-DGDTU
ORTEGA 932, PB	CABALLITO	RL-2023-39563817-GCABA-DGDTU
GUARDIA VIEJA 3346, 6o A	BALVANERA	RL-2023-43107272-GCABA-DGDTU
CHACABUCO 882, PB 5	SAN TELMO	RL-2023-43200879-GCABA-DGDTU
GURRUCHAGA 2377, 4o B	PALERMO	RL-2023-43207329-GCABA-DGDTU
JERONIMOSALGUERO 3055, 3o A	PALERMO	RL-2023-44076118-GCABA-DGDTU
RODRIGUEZ PEÑA 2076, 1o C	RECOLETA	RL-2023-45127572-GCABA-DGDTU
GUARDIA VIEJA 3346, 6o B	BALVANERA	RL-2023-45514274-GCABA-DGDTU
Santiago del Estero 831, 9o C	CONSTITUCIÓN	RL-2023-45516323-GCABA-DGDTU
PARAGUAY 2830, 5o A	RECOLETA	RL-2023-47230996-GCABA-DGDTU
PARAGUAY 2830, 3o A	RECOLETA	RL-2023-47230737-GCABA-DGDTU
PARAGUAY 2830, 1o A	RECOLETA	RL-2023-47230492-GCABA-DGDTU
PARAGUAY 2830, 6o A	RECOLETA	RL-2023-47228983-GCABA-DGDTU
PARAGUAY 2830, 7o A	RECOLETA	RL-2023-47228655-GCABA-DGDTU
PARAGUAY 2830, 7o B	RECOLETA	RL-2023-47228167-GCABA-DGDTU
DEL LIBERTADORAV. 1174, 11o B	RECOLETA	RL-2023-47615216-GCABA-DGDTU
VIAMONTE 1337, 4° B	SANNICOLAS	RL-2023-47615862-GCABA-DGDTU
VIAMONTE 1337, 4° A	SANNICOLAS	RL-2023-47615628-GCABA-DGDTU
TRELLES, MANUEL R. 2005, 1° A	VILLAMITRE	RL-2024-06197278-GCABA-DGDTU
MENDOZA 3268, 3° 302	BELGRANO	RL-2024-08283833-GCABA-DGDTU
BORGES, JORGE LUIS 2137, 4° B	PALERMO	RL-2024-09135064-GCABA-DGDTU
MAIZANI, AZUCENA 395, 3° 304	PUERTOMADERO	RL-2024-10679009-GCABA-DGDTU
ALVEAR, MARCELO T. DE 2426, 1° A	RECOLETA	RL-2024-10809760-GCABA-DGDTU
Paraguay 4440, 14° B	PALERMO	RL-2024-12711221-GCABA-DGDTU
LIBERTAD 353, 7° C	MONTSERRAT	RL-2024-12712315-GCABA-DGDTU
URIBURU JOSE E., PRES. 1770, 9o B	RECOLETA	RL-2024-14116669-GCABA-DGDTU
SUCRE, ANTONIO JOSEDE, MCAL. 1575, 4o C	BELGRANO	RL-2024-14969118-GCABA-DGDTU
SUCRE, ANTONIO JOSEDE, MCAL. 1575, 3o B	BELGRANO	RL-2024-15466869-GCABA-DGDTU
RODRIGUEZ PEÑA 2076, 1o B	RECOLETA	RL-2024-15468870-GCABA-DGDTU
RODRIGUEZ PEÑA 2076, 3o D	RECOLETA	RL-2024-15474114-GCABA-DGDTU
RODRIGUEZ PEÑA 2076, 3o C	RECOLETA	RL-2024-15475051-GCABA-DGDTU
RODRIGUEZ PEÑA 2076, 3o B	RECOLETA	RL-2024-15475839-GCABA-DGDTU
RODRIGUEZ PEÑA 2076, 2o D	RECOLETA	RL-2024-15477558-GCABA-DGDTU
RODRIGUEZ PEÑA 2076, 2o C	RECOLETA	RL-2024-15552804-GCABA-DGDTU
RODRIGUEZ PEÑA 2076, 2o B	RECOLETA	RL-2024-15553899-GCABA-DGDTU
RODRIGUEZ PEÑA 2076, 2o A	RECOLETA	RL-2024-15554505-GCABA-DGDTU
SUCRE, ANTONIO JOSEDE, MCAL. 1575, 5o D	BELGRANO	RL-2024-16075847-GCABA-DGDTU
LIBERTAD 353, 7° D	SANNICOLAS	RL-2024-16124538-GCABA-DGDTU
